{
  "joint_angles": [
    1.0169028043746948,
    0.006501901894807816,
    1.0049022436141968,
    0.5806856751441956,
    -1.7468773126602173,
    -1.9450354576110842
  ],
  "end_xyzrpy": {
    "x": 0.12483291327953339,
    "y": 0.4329655170440674,
    "z": 0.6546117663383484,
    "rx": 2.9849092960357666,
    "ry": 0.08523307740688324,
    "rz": 1.3835619688034058
  },
  "end2base": [
    [
      0.1854665813261635,
      0.9729598422071559,
      0.13766369406423726,
      0.12483291327953339
    ],
    [
      0.9789560993947661,
      -0.17081034174127105,
      -0.11166370319855536,
      0.4329655170440674
    ],
    [
      -0.08512991641585495,
      0.15547659825985558,
      -0.9841645821327716,
      0.6546117663383484
    ],
    [
      0.0,
      0.0,
      0.0,
      1.0
    ]
  ]
}