{
  "joint_angles": [
    0.8518560528755188,
    0.215542733669281,
    0.647808313369751,
    0.8565266132354736,
    -1.627430558204651,
    -2.729978084564209
  ],
  "end_xyzrpy": {
    "x": 0.21101070940494537,
    "y": 0.4444909989833832,
    "z": 0.6785683631896973,
    "rx": -3.0262696743011475,
    "ry": 0.11233467608690262,
    "rz": 2.0188941955566406
  },
  "end2base": [
    [
      -0.4305212325692038,
      0.9008747604196884,
      -0.055462909641152656,
      0.21101070940494537
    ],
    [
      0.8955921951505881,
      0.4187487453175208,
      -0.15021354226684472,
      0.4444909989833832
    ],
    [
      -0.11209856507754475,
      -0.1143422683602668,
      -0.9870966302109354,
      0.6785683631896973
    ],
    [
      0.0,
      0.0,
      0.0,
      1.0
    ]
  ]
}