{
  "joint_angles": [
    1.1050108671188354,
    -0.06498400121927261,
    1.3359544277191162,
    0.1103767603635788,
    -2.092094898223877,
    -1.9188379049301147
  ],
  "end_xyzrpy": {
    "x": 0.12915094196796417,
    "y": 0.45341137051582336,
    "z": 0.5959885120391846,
    "rx": 2.5897576808929443,
    "ry": -0.009112289175391197,
    "rz": 1.4023607969284058
  },
  "end2base": [
    [
      0.16763326486614577,
      0.8387120157097658,
      0.518132457209909,
      0.12915094196796417
    ],
    [
      0.9858073123052394,
      -0.14746582954812573,
      -0.08023572845810742,
      0.45341137051582336
    ],
    [
      0.009112163071227303,
      0.5242289421805559,
      -0.8515286164683008,
      0.5959885120391846
    ],
    [
      0.0,
      0.0,
      0.0,
      1.0
    ]
  ]
}