{
  "joint_angles": [
    0.7879082560539247,
    0.3007865250110626,
    0.6295323371887207,
    0.6885077357292175,
    -1.7189780473709109,
    -2.840688467025757
  ],
  "end_xyzrpy": {
    "x": 0.28999459743499756,
    "y": 0.468039333820343,
    "z": 0.6587721705436707,
    "rx": -3.1387016773223877,
    "ry": 0.15719008445739746,
    "rz": 2.058826446533203
  },
  "end2base": [
    [
      -0.4631060059866434,
      0.8834667326147255,
      0.07084743878334732,
      0.28999459743499756
    ],
    [
      0.8723685816717704,
      0.46848519662408017,
      -0.139623344237561,
      0.468039333820343
    ],
    [
      -0.15654355601902803,
      -0.0028553296058488153,
      -0.9876669287577465,
      0.6587721705436707
    ],
    [
      0.0,
      0.0,
      0.0,
      1.0
    ]
  ]
}