{
  "joint_angles": [
    1.0320508480072021,
    0.14758019149303436,
    1.0410826206207275,
    0.335536390542984,
    -2.2161436080932617,
    -2.1908798217773438
  ],
  "end_xyzrpy": {
    "x": 0.20581898093223572,
    "y": 0.49566414952278137,
    "z": 0.6141310930252075,
    "rx": 2.567091941833496,
    "ry": 0.31777992844581604,
    "rz": 1.539146065711975
  },
  "end2base": [
    [
      0.030060558647826977,
      0.8444164545267171,
      0.5348431677962329,
      0.20581898093223572
    ],
    [
      0.949455686545789,
      0.14314496826615655,
      -0.2793625195797486,
      0.49566414952278137
    ],
    [
      -0.31245841659274426,
      0.5162076804781286,
      -0.7974329868495191,
      0.6141310930252075
    ],
    [
      0.0,
      0.0,
      0.0,
      1.0
    ]
  ]
}