{
  "joint_angles": [
    0.36219263076782227,
    -0.040032844990491874,
    1.054936408996582,
    0.5330723524093628,
    -1.4345444440841675,
    -2.5889956951141357
  ],
  "end_xyzrpy": {
    "x": 0.3377823233604431,
    "y": 0.2922758162021637,
    "z": 0.6568189263343811,
    "rx": -3.088660478591919,
    "ry": -0.12678931653499603,
    "rz": 1.3760197162628174
  },
  "end2base": [
    [
      0.19199376895112352,
      0.9810116931515834,
      -0.02746726385729115,
      0.3377823233604431
    ],
    [
      0.9732157100922355,
      -0.18671265758410996,
      0.1341251845387154,
      0.2922758162021637
    ],
    [
      0.12644988854723496,
      -0.052482772390017335,
      -0.9905836583997585,
      0.6568189263343811
    ],
    [
      0.0,
      0.0,
      0.0,
      1.0
    ]
  ]
}