{
  "joint_angles": [
    0.39757004380226135,
    0.07825145870447159,
    1.0805586576461792,
    0.5285902619361877,
    -1.187585473060608,
    -2.5879170894622803
  ],
  "end_xyzrpy": {
    "x": 0.37527063488960266,
    "y": 0.3508761525154114,
    "z": 0.5990328192710876,
    "rx": -2.8320834636688232,
    "ry": -0.2562077045440674,
    "rz": 1.3495354652404787
  },
  "end2base": [
    [
      0.2122962996228037,
      0.9462026771124575,
      -0.24419413381914656,
      0.37527063488960266
    ],
    [
      0.9437752321088623,
      -0.1337259683112415,
      0.3023337173672232,
      0.3508761525154114
    ],
    [
      0.2534138757533374,
      -0.29464870477305566,
      -0.9213921794497894,
      0.5990328192710876
    ],
    [
      0.0,
      0.0,
      0.0,
      1.0
    ]
  ]
}