{
  "joint_angles": [
    0.9233059883117676,
    -0.34685295820236206,
    1.6680372953414917,
    -0.23460114002227783,
    -1.9113367795944214,
    -2.6993224620819096
  ],
  "end_xyzrpy": {
    "x": 0.1395249217748642,
    "y": 0.3588499426841736,
    "z": 0.5820680260658264,
    "rx": 2.561943531036377,
    "ry": 0.06850581616163254,
    "rz": 1.9441964626312256
  },
  "end2base": [
    [
      -0.363927737146779,
      0.7653260613371078,
      0.530879102973035,
      0.1395249217748642
    ],
    [
      0.9289084412673794,
      0.3401075920051562,
      0.14647844074355015,
      0.3588499426841736
    ],
    [
      -0.06845224523295414,
      0.5464456475246954,
      -0.834692425042832,
      0.5820680260658264
    ],
    [
      0.0,
      0.0,
      0.0,
      1.0
    ]
  ]
}