{
  "joint_angles": [
    4.189837455749512,
    -2.528978010217184,
    -2.104766368865967,
    -3.316174169579977,
    -1.6700342337237757,
    3.1546220779418945
  ],
  "end_xyzrpy": {
    "x": -0.3596940775286859,
    "y": -0.2786930352741688,
    "z": -0.05128635433075883,
    "rx": 0.8105054859746083,
    "ry": 2.914801687996574,
    "rz": 0.105639246743242
  },
  "end2base": [
    [
      -0.8505692218507146,
      0.5099222578696727,
      0.12849626363970637,
      -0.3596940775286859
    ],
    [
      0.5178862353655904,
      0.8546734640924771,
      0.03642961700350347,
      -0.2786930352741688
    ],
    [
      -0.09124607421213411,
      0.09753235722190143,
      -0.9910406617468392,
      -0.05128635433075883
    ],
    [
      0.0,
      0.0,
      0.0,
      1.0
    ]
  ],
  "timestamp": "2025-12-06T19:50:51.621950"
}