{
  "joint_angles": [
    4.189846038818359,
    -2.52899231533193,
    -2.104686975479126,
    -3.3161593876280726,
    -1.6698187033282679,
    3.4676475524902344
  ],
  "end_xyzrpy": {
    "x": -0.35973912097787786,
    "y": -0.27871864335445606,
    "z": -0.05130325986468315,
    "rx": 1.2596479937006015,
    "ry": 2.7633044914835594,
    "rz": 0.13178446069778646
  },
  "end2base": [
    [
      -0.6522593303425308,
      0.7470619333135415,
      0.12828185286682944,
      -0.35973912097787786
    ],
    [
      0.755879363966085,
      0.653693884011538,
      0.03647866686348249,
      -0.27871864335445606
    ],
    [
      -0.05660523925698052,
      0.12075915617353329,
      -0.9910666340306873,
      -0.05130325986468315
    ],
    [
      0.0,
      0.0,
      0.0,
      1.0
    ]
  ],
  "timestamp": "2025-12-06T19:51:12.613747"
}