{
  "joint_angles": [
    4.1898417472839355,
    -2.52899231533193,
    -2.1047170162200928,
    -3.316192766229147,
    -1.8708770910846155,
    3.3372256755828857
  ],
  "end_xyzrpy": {
    "x": -0.33555999220077903,
    "y": -0.2933152408738005,
    "z": -0.04578266488316718,
    "rx": 1.0183142699584213,
    "ry": 2.64625992561606,
    "rz": 0.0661771461611201
  },
  "end2base": [
    [
      -0.7018721766855367,
      0.6474771441249815,
      0.2968986282057643,
      -0.33555999220077903
    ],
    [
      0.6615080822396618,
      0.7470793002344405,
      -0.06541847057844363,
      -0.2933152408738005
    ],
    [
      -0.26416378390368267,
      0.1504854378236506,
      -0.9526655385163844,
      -0.04578266488316718
    ],
    [
      0.0,
      0.0,
      0.0,
      1.0
    ]
  ],
  "timestamp": "2025-12-06T19:51:24.591037"
}