{
  "joint_angles": [
    4.622264862060547,
    -2.712111612359518,
    -1.5782184600830078,
    -3.7815658054747523,
    -1.691493336354391,
    4.330206871032715
  ],
  "end_xyzrpy": {
    "x": -0.22723740186591396,
    "y": -0.6190139579743903,
    "z": -0.09056630283922001,
    "rx": -1.8677529506032668,
    "ry": -2.4748456579278963,
    "rz": -0.3804691680925907
  },
  "end2base": [
    [
      -0.2849037032690944,
      0.9494879028167272,
      0.13153935634725,
      -0.22723740186591396
    ],
    [
      0.9451536557645869,
      0.25539536374985927,
      0.2036118247300809,
      -0.6190139579743903
    ],
    [
      0.15973242268992327,
      0.18233466642350185,
      -0.9701750473815733,
      -0.09056630283922001
    ],
    [
      0.0,
      0.0,
      0.0,
      1.0
    ]
  ],
  "timestamp": "2025-12-06T19:54:04.516438"
}