{
  "joint_angles": [
    4.622262001037598,
    -2.7121035061278285,
    -1.577994704246521,
    -3.781358381310934,
    -1.6914790312396448,
    5.087290287017822
  ],
  "end_xyzrpy": {
    "x": -0.2272388887693434,
    "y": -0.6189787950866075,
    "z": -0.0905560720815631,
    "rx": -2.5783173134147863,
    "ry": -1.5656841145977565,
    "rz": -0.33399579268350504
  },
  "end2base": [
    [
      0.445069249449752,
      0.8857850979191478,
      0.13152233079823625,
      -0.2272388887693434
    ],
    [
      0.8623470425696967,
      -0.4635371885020185,
      0.20369303632412666,
      -0.6189787950866075
    ],
    [
      0.24139374756926193,
      0.022760386200812235,
      -0.9701603081215275,
      -0.0905560720815631
    ],
    [
      0.0,
      0.0,
      0.0,
      1.0
    ]
  ],
  "timestamp": "2025-12-06T19:54:15.352475"
}